"","Gen","Age","Date","pH","pCO2","Replicate","Chamber_tank","Number","Run","Channel","filetype","Filename","Food","Length_um","Length_mm","Dry_Shell_weight","Dry_Tissue_weight","whole_Dry_weight","volume","Biovolume_g_in_sw","measured_volume","Biovol_length3","calculated_volume","Lpc","BLANK.mean_Lpc","resp_blankStand","resp_mg_hr","resp_umol_hr","resp_mg_hr_biovolcalc","resp_umol_hr_biovolcalc","resp_umol_hr_bFactorNormTDW.1g","resp_umol_hr_bFactorNormTDW.MEAN","resp_umol_hr_bFactorNormLength.MEAN"
"1","F1","50","9/14/2021",7.5,"800 uatm","A","7.5_A",1,"1","CH5","LoLigo_data","Run_1_restart_raw.txt",NA,1970.48,1.97048,NA,NA,0.000869,2.2,NA,NA,0.00151489064583937,2.19848510935416,-0.003560874,0,0.003560874,0.000469711707917183,0.014678490872412,0.000469711707917183,0.014678490872412,NA,NA,2.01087919609709
"2","F1","50","9/14/2021",7.5,"800 uatm","B","7.5_B",1,"1","CH6","LoLigo_data","Run_1_restart_raw.txt",NA,2097.18,2.09718,NA,NA,0.001418,2.2,NA,NA,0.00182630081258346,2.19817369918742,-0.012859944,0,0.012859944,0.00169610344042938,0.0530032325134182,0.00169610344042938,0.0530032325134182,NA,NA,6.28767142703259
"3","F1","50","9/14/2021",7.5,"800 uatm","C","7.5_C",1,"1","CH7","LoLigo_data","Run_1_restart_raw.txt",NA,2880.12,2.88012,NA,NA,0.002185,2.2,NA,NA,0.00473038990546671,2.19526961009453,-0.006948406,0,0.006948406,0.000915217471823911,0.0286005459944972,0.000915217471823911,0.0286005459944972,NA,NA,1.63042881979864
"4","F1","50","9/14/2021",7.5,"800 uatm","D","7.5_D",1,"2","CH5","LoLigo_data","Run_2_raw.txt",NA,2726.53,2.72653,NA,NA,0.001958,2.2,NA,NA,0.00401324831506944,2.19598675168493,-0.00525218,0.002961862,0.002290318,0.000301770479108732,0.00943032747214786,0.000301770479108732,0.00943032747214786,NA,NA,0.610144909080554
"5","F1","50","9/14/2021",7.5,"800 uatm","A","7.5_A",2,"2","CH6","LoLigo_data","Run_2_raw.txt",NA,2212.22,2.21222,NA,NA,0.001812,2.2,NA,NA,0.00214363151486214,2.19785636848514,-0.017212547,0.002961862,0.014250685,0.00187925752695154,0.0587267977172356,0.00187925752695154,0.0587267977172356,NA,NA,6.15813038682968
"6","F1","50","9/14/2021",7.5,"800 uatm","B","7.5_B",2,"2","CH7","LoLigo_data","Run_2_raw.txt",NA,2822.12,2.82212,NA,NA,0.000733,2.2,NA,NA,0.00445032389263812,2.19554967610736,-0.025268528,0.002961862,0.022306666,0.00293852359868011,0.0918288624587533,0.00293852359868011,0.0918288624587533,NA,NA,5.4867581791177
"7","F1","50","9/14/2021",7.5,"800 uatm","C","7.5_C",2,"3","CH5","LoLigo_data","Run_3_raw.txt",NA,2687.51,2.68751,NA,NA,0.001379,2.2,NA,NA,0.00384339885976901,2.19615660114023,-0.010199906,0.003701326,0.00649858,0.000856313961902273,0.026759811309446,0.000856313961902273,0.026759811309446,NA,NA,1.78998877480448
"8","F1","50","9/14/2021",7.5,"800 uatm","D","7.5_D",2,"3","CH6","LoLigo_data","Run_3_raw.txt",NA,2659.1,2.6591,NA,NA,0.000821,2.2,NA,NA,0.00372279567192806,2.19627720432807,-0.016793468,0.003701326,0.013092142,0.00172523838182557,0.053913699432049,0.00172523838182557,0.053913699432049,NA,NA,3.69596637473483
"9","F1","50","9/14/2021",7.5,"800 uatm","A","7.5_A",3,"3","CH7","LoLigo_data","Run_3_raw.txt",NA,2253.05,2.25305,NA,NA,0.002638,2.2,NA,NA,0.00226452791965903,2.19773547208034,-0.013958906,0.003701326,0.01025758,0.00135260684542211,0.042268963919441,0.00135260684542211,0.042268963919441,NA,NA,4.24900216162509
"10","F1","50","9/14/2021",7.5,"800 uatm","B","7.5_B",3,"4","CH5","LoLigo_data","Run_4_raw.txt",NA,3163.95,3.16395,NA,NA,0.002028,2.2,NA,NA,0.00627124871999931,2.19372875128,-0.039783465,0.004468076,0.035315389,0.00464834305271625,0.145260720397383,0.00464834305271625,0.145260720397383,NA,NA,6.66474836299937
"11","F1","50","9/14/2021",7.5,"800 uatm","C","7.5_C",3,"4","CH6","LoLigo_data","Run_4_raw.txt",NA,2150.83,2.15083,NA,NA,0.000646,2.2,NA,NA,0.0019700781148574,2.19802992188514,-0.011153962,0.004468076,0.006685886,0.000881746648938778,0.0275545827793368,0.000881746648938778,0.0275545827793368,NA,NA,3.08347014774252
"12","F1","50","9/14/2021",7.5,"800 uatm","D","7.5_D",3,"4","CH7","LoLigo_data","Run_4_raw.txt",NA,1916.71,1.91671,NA,NA,0.000575,2.2,NA,NA,0.00139422997755453,2.19860577002245,-0.01187373,0.004468076,0.007405654,0.000976926816911388,0.0305289630284809,0.000976926816911388,0.0305289630284809,NA,NA,4.45833517053471
"13","F1","50","9/14/2021",8,"500 uatm","A","8_A",1,"1","CH1","LoLigo_data","Run_1_restart_raw.txt",NA,1737.49,1.73749,NA,NA,NA,2.2,NA,NA,0.00103856129045633,2.19896143870954,-0.010587851,0.001487894,0.009099957,0.0012006272722149,0.0375196022567156,0.0012006272722149,0.0375196022567156,NA,NA,8.42112961484691
"14","F1","50","9/14/2021",8,"500 uatm","B","8_B",1,"1","CH2","LoLigo_data","Run_1_restart_raw.txt",NA,2709.79,2.70979,NA,NA,NA,2.2,NA,NA,0.0039397811459537,2.19606021885405,-0.020274655,0.001487894,0.018786761,0.00247541150839312,0.077356609637285,0.00247541150839312,0.077356609637285,NA,NA,5.97554581582022
"15","F1","50","9/14/2021",8,"500 uatm","C","8_C",1,"1","CH3","LoLigo_data","Run_1_restart_raw.txt",NA,2281.73,2.28173,NA,NA,NA,2.2,NA,NA,0.00235211173017752,2.19764788826982,-0.00680989,0.001487894,0.005321996,0.000701752396246827,0.0219297623827133,0.000701752396246827,0.0219297623827133,NA,NA,2.55932476426028
"16","F1","50","9/14/2021",8,"500 uatm","A","8_A",2,"2","CH2","LoLigo_data","Run_2_raw.txt",NA,2974,2.974,NA,NA,0.001765,2.2,NA,NA,0.005208205151952,2.19479179484805,-0.014318089,0.002433852,0.011884237,0.00156500555133778,0.0489064234793055,0.00156500555133778,0.0489064234793055,NA,NA,3.02185254829519
"17","F1","50","9/14/2021",8,"500 uatm","B","8_B",2,"2","CH3","LoLigo_data","Run_2_raw.txt",NA,2109.65,2.10965,NA,NA,0.003326,2.2,NA,NA,0.00185907289993566,2.19814092710006,-0.010489214,0.002433852,0.008055362,0.0010624092536884,0.0332002891777624,0.0010624092536884,0.0332002891777624,NA,NA,4.67694821877809
"18","F1","50","9/14/2021",8,"500 uatm","C","8_C",2,"3","CH1","LoLigo_data","Run_3_raw.txt",NA,2452.71,2.45271,NA,NA,0.004008,2.2,NA,NA,0.00292148590615943,2.19707851409384,-0.01067604,0.004211875,0.006464165,0.000852136681983445,0.0266292713119826,0.000852136681983445,0.0266292713119826,NA,NA,2.61296791686372
"19","F1","50","9/14/2021",8,"500 uatm","B","8_B",3,"4","CH1","LoLigo_data","Run_4_raw.txt",NA,2139.34,2.13934,NA,NA,0.000718,2.2,NA,NA,0.00193867327927637,2.19806132672072,-0.023347062,0.006407996,0.016939066,0.00223398635312219,0.0698120735350685,0.00223398635312219,0.0698120735350685,NA,NA,9.51009092346734
"20","F1","50","9/14/2021",8,"500 uatm","C","8_C",3,"4","CH2","LoLigo_data","Run_4_raw.txt",NA,1796.06,1.79606,NA,NA,0.00037,2.2,NA,NA,0.00114716981932285,2.19885283018068,-0.010473817,0.006407996,0.004065821,0.000536408520771482,0.0167627662741088,0.000536408520771482,0.0167627662741088,NA,NA,3.47457228118413
"21","F1","50","9/14/2021",8,"500 uatm","D","8_D",3,"4","CH3","LoLigo_data","Run_4_raw.txt",NA,2969.72,2.96972,NA,NA,0.001944,2.2,NA,NA,0.00518575150021936,2.19481424849978,-0.02412035,0.006407996,0.017712354,0.00233251961602033,0.0728912380006352,0.00233251961602033,0.0728912380006352,NA,NA,4.51943137591103
"22","F1","66","9/30/2021",7.5,"800 uatm","C","7.5_C",3,"1","A2","SDR_data","RR_9.30.21_AM_Plate_1_Run_1.csv","fed",2646.79,2.64679,NA,NA,0.001122,1.7,NA,NA,0.00367133188148473,1.69632866811852,-0.011390006,0.003810182,0.007579824,0.000771472365029565,0.0241085114071739,0.000771472365029565,0.0241085114071739,NA,NA,1.67053027535936
"23","F1","66","9/30/2021",7.5,"800 uatm","D","7.5_D",2,"1","C4","SDR_data","RR_9.30.21_AM_Plate_1_Run_1.csv","fed",3900.23,3.90023,NA,NA,0.004805,1.7,NA,NA,0.0117472401127505,1.68825275988725,-0.034674629,0.003810182,0.030864447,0.00312641926980862,0.0977006021815195,0.00312641926980862,0.0977006021815195,NA,NA,2.76467956088658
"24","F1","66","9/30/2021",7.5,"800 uatm","C","7.5_C",2,"1","C3","SDR_data","RR_9.30.21_AM_Plate_2_Run_1.csv","fed",3916.36,3.91636,NA,NA,0.004153,1.7,NA,NA,0.0118935912504554,1.68810640874954,-0.042199356,0.003810182,0.038389174,0.00388830063936008,0.121509394980003,0.00388830063936008,0.121509394980003,NA,NA,3.40578324116174
"25","F1","66","9/30/2021",7.5,"800 uatm","D","7.5_D",1,"1","C4","SDR_data","RR_9.30.21_AM_Plate_2_Run_1.csv","fed",3236.79,3.23679,NA,NA,0.001862,1.7,NA,NA,0.00671442398248562,1.69328557601751,-0.035088667,0.003810182,0.031278485,0.00317780444941081,0.0993063890440878,0.00317780444941081,0.0993063890440878,NA,NA,4.32293401774104
"26","F1","66","9/30/2021",7.5,"800 uatm","A","7.5_A",1,"1","D2","SDR_data","RR_9.30.21_AM_Plate_2_Run_1.csv","fed",3740.03,3.74003,NA,NA,0.004447,1.7,NA,NA,0.0103583468130314,1.68964165318697,-0.024800883,0.003810182,0.020990701,0.0021280057643516,0.0665001801359875,0.0021280057643516,0.0665001801359875,NA,NA,2.07322930773052
"27","F1","66","9/30/2021",7.5,"800 uatm","A","7.5_A",2,"1","D3","SDR_data","RR_9.30.21_AM_Plate_2_Run_1.csv","fed",2535.63,2.53563,NA,NA,0.000701,1.7,NA,NA,0.00322792053386706,1.69677207946613,-0.008769313,0.003810182,0.004959131,0.000504870901152898,0.0157772156610281,0.000504870901152898,0.0157772156610281,NA,NA,1.20714083648298
"28","F1","66","9/30/2021",7.5,"800 uatm","C","7.5_C",1,"1","C1","SDR_data","RR_9.30.21_AM_Plate_2_Run_1.csv","fed",3406.03,3.40603,NA,NA,0.002443,1.7,NA,NA,0.00782367131708638,1.69217632868291,-0.060825102,0.003810182,0.05701492,0.005788757880345,0.180898683760781,0.005788757880345,0.180898683760781,NA,NA,7.00015102587845
"29","F1","66","9/30/2021",7.5,"800 uatm","B","7.5_B",2,"1","D4","SDR_data","RR_9.30.21_AM_Plate_2_Run_1.csv","fed",2717.97,2.71797,NA,NA,0.001384,1.7,NA,NA,0.00397556782171136,1.69602443217829,-0.009878563,0.003810182,0.006068381,0.000617527346385991,0.0192977295745622,0.000617527346385991,0.0192977295745622,NA,NA,1.25767092326575
"30","F1","66","9/30/2021",7.5,"800 uatm","B","7.5_B",1,"1","A1","SDR_data","RR_9.30.21_AM_Plate_2_Run_1.csv","fed",3561.09,3.56109,NA,NA,0.00331,1.7,NA,NA,0.0089415753297162,1.69105842467028,-0.02319824,0.003810182,0.019388058,0.00196718032913377,0.0614743852854302,0.00196718032913377,0.0614743852854302,NA,NA,2.14636484612756
"31","F1","66","9/30/2021",7.5,"800 uatm","D","7.5_D",3,"1","D4","SDR_data","RR_9.30.21_AM_Plate_1_Run_1.csv","fed",4074.55,4.07455,NA,NA,0.004863,1.7,NA,NA,0.0133938103378308,1.68660618966217,-0.032281323,0.003810182,0.028471141,0.00288117615824066,0.0900367549450207,0.00288117615824066,0.0900367549450207,NA,NA,2.30304171834402
"32","F1","66","9/30/2021",7.5,"800 uatm","A","7.5_A",4,"2","A1","SDR_data","RR_9.30.21_PM_Plate_2_Run_2.csv","fed",3826.27,3.82627,NA,NA,0.004107,1.7,NA,NA,0.0110915445596325,1.68890845544037,-0.060272009,0.013542553,0.046729456,0.00473530640139172,0.147978325043491,0.00473530640139172,0.147978325043491,NA,NA,4.37675672821116
"33","F1","66","9/30/2021",7.5,"800 uatm","B","7.5_B",4,"2","B6","SDR_data","RR_9.30.21_PM_Plate_1_Run_2.csv","fed",4474.19,4.47419,NA,NA,0.006821,1.7,NA,NA,0.0177340716459445,1.68226592835406,-0.041746016,0.013542553,0.028203463,0.00284674349198966,0.0889607341246767,0.00284674349198966,0.0889607341246767,NA,NA,1.83321755543894
"34","F1","66","9/30/2021",7.5,"800 uatm","C","7.5_C",4,"2","A5","SDR_data","RR_9.30.21_PM_Plate_1_Run_2.csv","fed",5218.02,5.21802,NA,NA,0.011898,1.7,NA,NA,0.0281308210701609,1.67186917892984,-0.048434881,0.013542553,0.034892328,0.00350012446585864,0.109378889558082,0.00350012446585864,0.109378889558082,NA,NA,1.58001502964188
"35","F1","66","9/30/2021",7.5,"800 uatm","A","7.5_A",5,"2","B3","SDR_data","RR_9.30.21_PM_Plate_1_Run_2.csv","fed",5202.82,5.20282,NA,NA,0.011981,1.7,NA,NA,0.0278857027310134,1.67211429726899,-0.091164448,0.013542553,0.077621895,0.00778756082463672,0.243361275769898,0.00778756082463672,0.243361275769898,NA,NA,3.5392057354811
"36","F1","66","9/30/2021",7.5,"800 uatm","B","7.5_B",5,"2","D2","SDR_data","RR_9.30.21_PM_Plate_2_Run_2.csv","fed",3971.07,3.97107,NA,NA,0.004345,1.7,NA,NA,0.0123990330669448,1.68760096693306,-0.035990775,0.013542553,0.022448222,0.00227301846918767,0.0710318271621148,0.00227301846918767,0.0710318271621148,NA,NA,1.92815760104209
"37","F1","66","9/30/2021",7.5,"800 uatm","C","7.5_C",5,"2","C5","SDR_data","RR_9.30.21_PM_Plate_2_Run_2.csv","fed",3425.45,3.42545,NA,NA,0.002781,1.7,NA,NA,0.00795825935180666,1.69204174064819,-0.076034441,0.013542553,0.062491888,0.00634433297687472,0.198260405527335,0.00634433297687472,0.198260405527335,NA,NA,7.5718887551212
"38","F1","66","9/30/2021",7.5,"800 uatm","D","7.5_D",4,"2","C3","SDR_data","RR_9.30.21_PM_Plate_1_Run_2.csv","fed",3661.37,3.66137,NA,NA,0.003718,1.7,NA,NA,0.0097184285603328,1.69028157143967,-0.071819786,0.013542553,0.058277233,0.00591029597846374,0.184696749326992,0.00591029597846374,0.184696749326992,NA,NA,6.04795371198161
"39","F1","66","9/30/2021",7.5,"800 uatm","D","7.5_D",5,"2","C1","SDR_data","RR_9.30.21_PM_Plate_2_Run_2.csv","fed",5311.22,5.31122,NA,NA,0.011096,1.7,NA,NA,0.0296652534627295,1.67033474653727,-0.071694092,0.013542553,0.058151539,0.00582795216937903,0.182123505293095,0.00582795216937903,0.182123505293095,NA,NA,2.52541731785761
"40","F1","66","9/30/2021",8,"500 uatm","D","8_D",2,"1","A1","SDR_data","RR_9.30.21_AM_Plate_1_Run_1.csv","fed",3102.14,3.10214,NA,NA,0.002123,1.7,NA,NA,0.00591084228241591,1.69408915771758,-0.014231378,0.0078420375,0.0063893405,0.000649446747960951,0.0202952108737797,0.000649446747960951,0.0202952108737797,NA,NA,1.13326611209062
"41","F1","66","9/30/2021",8,"500 uatm","A","8_A",1,"1","D5","SDR_data","RR_9.30.21_AM_Plate_2_Run_1.csv","fed",3726.56,3.72656,NA,NA,0.003777,1.7,NA,NA,0.0102468303133567,1.68975316968664,-0.019950677,0.0078420375,0.0121086395,0.00122763671854307,0.038363647454471,0.00122763671854307,0.038363647454471,NA,NA,1.37945039248014
"42","F1","66","9/30/2021",8,"500 uatm","B","8_B",2,"1","C6","SDR_data","RR_9.30.21_AM_Plate_2_Run_1.csv","fed",5084.03,5.08403,NA,NA,0.011496,1.7,NA,NA,0.0260189342726478,1.67398106572735,-0.077853394,0.0078420375,0.0700113565,0.00703186111001326,0.219745659687914,0.00703186111001326,0.219745659687914,NA,NA,3.74926842041713
"43","F1","66","9/30/2021",8,"500 uatm","D","8_D",1,"1","A2","SDR_data","RR_9.30.21_AM_Plate_2_Run_1.csv","fed",5545.94,5.54594,NA,NA,0.013734,1.7,NA,NA,0.0337746370371333,1.66622536296287,-0.061939892,0.0078420375,0.0540978545,0.00540835303498649,0.169011032343328,0.00540835303498649,0.169011032343328,NA,NA,2.34045520455794
"44","F1","66","9/30/2021",8,"500 uatm","A","8_A",2,"1","B5","SDR_data","RR_9.30.21_AM_Plate_2_Run_1.csv","fed",3833.44,3.83344,NA,NA,0.004283,1.7,NA,NA,0.0111540143992408,1.68884598560076,-0.031338536,0.0078420375,0.0234964985,0.00238091803004396,0.0744036884388736,0.00238091803004396,0.0744036884388736,NA,NA,2.49981192860645
"45","F1","66","9/30/2021",8,"500 uatm","B","8_B",1,"1","A4","SDR_data","RR_9.30.21_AM_Plate_2_Run_1.csv","fed",4277.99,4.27799,NA,NA,0.005198,1.7,NA,NA,0.0155018840951232,1.68449811590488,-0.025955415,0.0078420375,0.0181133775,0.00183071701628543,0.0572099067589196,0.00183071701628543,0.0572099067589196,NA,NA,1.47713940184102
"46","F1","66","9/30/2021",8,"500 uatm","A","8_A",3,"1","D2","SDR_data","RR_9.30.21_AM_Plate_1_Run_1.csv","fed",5080.44,5.08044,NA,NA,0.011619,1.7,NA,NA,0.0259638547209127,1.67403614527909,-0.061463126,0.0078420375,0.0536210885,0.00538581841789253,0.168306825559141,0.00538581841789253,0.168306825559141,NA,NA,2.87649897589987
"47","F1","66","9/30/2021",8,"500 uatm","B","8_B",3,"1","B3","SDR_data","RR_9.30.21_AM_Plate_1_Run_1.csv","fed",4725.11,4.72511,NA,NA,0.00779,1.7,NA,NA,0.0208881972590482,1.67911180274095,-0.061678065,0.0078420375,0.0538360275,0.00542380255127619,0.169493829727381,0.00542380255127619,0.169493829727381,NA,NA,3.44739427333499
"48","F1","66","9/30/2021",8,"500 uatm","C","8_C",2,"1","D6","SDR_data","RR_9.30.21_AM_Plate_2_Run_1.csv","fed",2994.94,2.99494,NA,NA,0.00179,1.7,NA,NA,0.00531899483996347,1.69468100516004,-0.008354212,0.0078420375,0.0005121745,5.20783437886404e-05,0.00162744824339501,5.20783437886404e-05,0.00162744824339501,NA,NA,0.0988783844400955
"49","F1","66","9/30/2021",8,"500 uatm","C","8_C",1,"1","B6","SDR_data","RR_9.30.21_AM_Plate_2_Run_1.csv","fed",3021.9,3.0219,NA,NA,0.000602,1.7,NA,NA,0.00546393414470488,1.6945360658553,-0.010432455,0.0078420375,0.0025904175,0.000263373352762363,0.00823041727382383,0.000263373352762363,0.00823041727382383,NA,NA,0.489412796244803
"50","F1","66","9/30/2021",8,"500 uatm","D","8_D",3,"1","C3","SDR_data","RR_9.30.21_AM_Plate_1_Run_1.csv","fed",3353.75,3.35375,NA,NA,0.003027,1.7,NA,NA,0.00746891036216015,1.69253108963784,-0.023716498,0.0078420375,0.0158744605,0.00161208107564867,0.050377533614021,0.00161208107564867,0.050377533614021,NA,NA,2.33286138719497
"51","F1","66","9/30/2021",8,"500 uatm","C","8_C",3,"1","C5","SDR_data","RR_9.30.21_AM_Plate_1_Run_1.csv","fed",3528.6,3.5286,NA,NA,0.004149,1.7,NA,NA,0.00869906307078389,1.69130093692922,-0.039770064,0.0078420375,0.0319280265,0.00323999406802505,0.101249814625783,0.00323999406802505,0.101249814625783,NA,NA,4.15024833772423
"52","F1","66","9/30/2021",8,"500 uatm","A","8_A",5,"2","B1","SDR_data","RR_9.30.21_PM_Plate_1_Run_2.csv","fed",4532.4,4.5324,NA,NA,0.007887,1.7,NA,NA,0.0184352861429003,1.6815647138571,-0.063758498,0.011852676375,0.051905821625,0.00523697988530165,0.163655621415676,0.00523697988530165,0.163655621415676,NA,NA,3.67848383961129
"53","F1","66","9/30/2021",8,"500 uatm","A","8_A",4,"2","B3","SDR_data","RR_9.30.21_PM_Plate_2_Run_2.csv","fed",2569.09,2.56909,NA,NA,0.001218,1.7,NA,NA,0.00335740046536569,1.69664259953463,-0.027826815,0.011852676375,0.015974138625,0.0016261442449228,0.0508170076538374,0.0016261442449228,0.0508170076538374,NA,NA,4.46133055069817
"54","F1","66","9/30/2021",8,"500 uatm","C","8_C",4,"2","A2","SDR_data","RR_9.30.21_PM_Plate_1_Run_2.csv","fed",3008.54,3.00854,NA,NA,0.001894,1.7,NA,NA,0.0053917849274327,1.69460821507257,-0.027530921,0.011852676375,0.015678244625,0.00159410892836654,0.0498159040114543,0.00159410892836654,0.0498159040114543,NA,NA,2.99391729354348
"55","F1","66","9/30/2021",8,"500 uatm","D","8_D",4,"2","A6","SDR_data","RR_9.30.21_PM_Plate_2_Run_2.csv","fed",4130.83,4.13083,NA,NA,0.004762,1.7,NA,NA,0.0139565204889745,1.68604347951103,-0.01611883,0.011852676375,0.004266153625,0.000431575230121415,0.0134867259412942,0.000431575230121415,0.0134867259412942,NA,NA,0.378741275742394
"56","F1","66","9/30/2021",8,"500 uatm","C","8_C",5,"2","C5","SDR_data","RR_9.30.21_PM_Plate_1_Run_2.csv","fed",2291.39,2.29139,NA,NA,0.000801,1.7,NA,NA,0.0023821122942961,1.6976178877057,-0.015001514,0.011852676375,0.003148837625,0.000320731384660845,0.0100228557706514,0.000320731384660845,0.0100228557706514,NA,NA,1.15792259262754
"57","F1","66","9/30/2021",8,"500 uatm","B","8_B",4,"2","B5","SDR_data","RR_9.30.21_PM_Plate_2_Run_2.csv","fed",4939.21,4.93921,NA,NA,0.009948,1.7,NA,NA,0.0238581994299005,1.6761418005701,-0.059362427,0.011852676375,0.047509750625,0.00477798473743343,0.149312023044795,0.00477798473743343,0.149312023044795,NA,NA,2.73050187710187
"58","F1","66","9/30/2021",8,"500 uatm","D","8_D",5,"2","B2","SDR_data","RR_9.30.21_PM_Plate_2_Run_2.csv","fed",3569.03,3.56903,NA,NA,0.004801,1.7,NA,NA,0.00900151865259101,1.69099848134741,-0.044484343,0.011852676375,0.032631666625,0.0033108059224026,0.103462685075081,0.0033108059224026,0.103462685075081,NA,NA,4.12656744558353
"59","F1","66","9/30/2021",8,"500 uatm","B","8_B",5,"2","D3","SDR_data","RR_9.30.21_PM_Plate_2_Run_2.csv","fed",3841.53,3.84153,NA,NA,0.004529,1.7,NA,NA,0.0112247810284004,1.6887752189716,-0.02574623,0.011852676375,0.013893553625,0.00140778534392118,0.0439932919975369,0.00140778534392118,0.0439932919975369,NA,NA,1.47062515538002
"60","F1","92","10/26/2021",7.5,"800 uatm","A","7.5_A",1,"1","CH5","LoLigo_data","Run_1_raw.txt","fed",8900,8.9,"0.0485",0.0043,0.0528,23.18,0.2,22.98,0.139583862,23.040416138,-0.00704407,0.002289251,0.004754819,0.0065559444372,0.2048732636625,0.00657318050525214,0.205411890789129,17.197900480763,9.39013292283165,0.862105342785656
"61","F1","92","10/26/2021",7.5,"800 uatm","C","7.5_C",1,"1","CH7","LoLigo_data","Run_1_raw.txt","fed",7400,7.4,"0.0272",0.003,0.0302,22.63,0.1,22.53,0.080234352,22.549765648,-0.002904632,0.002289251,0.000615381,0.0008318720358,0.02599600111875,0.000832601840053913,0.0260188075016848,2.92419928710801,1.59662628758133,0.167551083440024
"62","F1","92","10/26/2021",7.5,"800 uatm","D","7.5_D",1,"2","CH5","LoLigo_data","Run_2_raw.txt","fed",7420,7.42,"0.0275",0.0024,0.0299,23.18,0.1,23.08,0.080886660624,23.099113339376,-0.005531372,0.002248667,0.003282705,0.004545889884,0.142059058875,0.00454965449128418,0.142176702852631,19.1583098852065,10.460525492639,0.909917207470793
"63","F1","92","10/26/2021",7.5,"800 uatm","A","7.5_A",2,"2","CH6","LoLigo_data","Run_2_raw.txt","fed",13490,13.49,"0.1371",0.0143,0.1514,23.24,0.4,22.84,0.486072486702,22.753927513298,-0.008001383,0.002248667,0.005752716,0.0078835220064,0.2463600627,0.00785381297211538,0.245431655378606,7.78542109481096,4.25087579860499,0.396651104797762
"64","F1","92","10/26/2021",7.5,"800 uatm","B","7.5_B",2,"2","CH7","LoLigo_data","Run_2_raw.txt","fed",10100,10.1,"0.0689",0.0074,0.0763,22.63,0.2,22.43,0.203999598,22.426000402,-0.008978831,0.002248667,0.006730164,0.0090574547112,0.283045459725,0.00905583963417156,0.282994988567861,15.2816695646705,8.34386201127037,0.889282580801814
"65","F1","92","10/26/2021",7.5,"800 uatm","C","7.5_C",3,"3","CH7","LoLigo_data","Run_3_raw.txt","fed",9710,9.71,"0.0622",0.0067,0.0689,22.63,0.2,22.43,0.181268724978,22.448731275022,-0.011305999,0.008918165,0.002387834,0.0032135469972,0.1004233436625,0.00321623062772165,0.100507207116302,5.878085012387,3.20946150722054,0.345560602369739
"66","F1","92","10/26/2021",8,"500 uatm","A","8_A",1,"1","CH1","LoLigo_data","Run_1_raw.txt","fed",12610,12.61,"0.1411",0.0131,0.1542,23.1,0.4,22.7,0.397018231038,22.702981768962,-0.006794943,0.001205154,0.005589789,0.007613292618,0.2379153943125,0.00761429266556066,0.237946645798771,13.2921361663132,6.66219187110133,0.458809091679835
"67","F1","92","10/26/2021",8,"500 uatm","B","8_B",1,"1","CH2","LoLigo_data","Run_1_raw.txt","fed",8940,8.94,"0.0481",0.0069,0.055,23.05,0.2,22.85,0.141474362832,22.908525637168,-0.003045556,0.001205154,0.001840402,0.002523191142,0.0788497231875,0.00252965378398172,0.0790516807494286,7.9863477506414,4.00286157156254,0.347148910772374
"68","F1","92","10/26/2021",8,"500 uatm","C","8_C",1,"1","CH3","LoLigo_data","Run_1_raw.txt","fed",14070,14.07,"0.18",0.0194,0.1994,23.31,0.5,22.81,0.551502496314,22.758497503686,-0.007646267,0.001205154,0.006441113,0.0088153072518,0.27547835161875,0.00879540324788756,0.274856351496486,10.6907326808613,5.35833454242345,0.408420300771988
"69","F1","92","10/26/2021",8,"500 uatm","D","8_D",1,"2","CH1","LoLigo_data","Run_2_raw.txt","fed",8650,8.65,"0.0439",0.0038,0.0477,23.1,0.1,23,0.12814849575,22.97185150425,-0.004329555,0.002248667,0.002080888,0.00287162544,0.089738295,0.00286811100797855,0.0896284689993296,15.8102463185606,7.92430149568951,0.427626720895956
"70","F1","92","10/26/2021",8,"500 uatm","A","8_A",2,"2","CH2","LoLigo_data","Run_2_raw.txt","fed",14310,14.31,"0.1724",0.016,0.1884,23.05,0.5,22.55,0.580208506218,22.469791493782,-0.009750136,0.002248667,0.007501469,0.010149487557,0.31717148615625,0.0101133866596242,0.316043333113255,14.718745405671,7.37722701359218,0.451528008682097
"71","F1","92","10/26/2021",8,"500 uatm","B","8_B",2,"2","CH3","LoLigo_data","Run_2_raw.txt","fed",11610,11.61,"0.0846",0.0132,0.0978,23.31,0.2,23.11,0.309857383638,23.000142616362,-0.007612734,0.002248667,0.005364067,0.0074378153022,0.23243172819375,0.00740245836022326,0.231326823756977,12.894449426808,6.46286609456509,0.546542278459028
"72","F1","92","10/26/2021",8,"500 uatm","C","8_C",2,"3","CH1","LoLigo_data","Run_3_raw.txt","fed",12530,12.53,"0.1329",0.0143,0.1472,23.1,0.4,22.7,0.389509812846,22.710490187154,-0.009524953,0.006327075,0.003197878,0.004355509836,0.136109682375,0.00435752261632294,0.136172581760092,7.01030926723622,3.51365836384159,0.266521426553993
"73","F1","92","10/26/2021",8,"500 uatm","D","8_D",2,"3","CH2","LoLigo_data","Run_3_raw.txt","fed",11400,11.4,"0.0948",0.01,0.1048,23.05,0.3,22.75,0.293345712,22.756654288,-0.009493913,0.006327075,0.003166838,0.00432273387,0.1350854334375,0.00432399825312608,0.13512494541019,9.6963552955355,4.85993963806532,0.331865843837662
"74","F1","191","2/2/2022",7.5,"800 uatm","A","7.5_A",1,"1","CH5","LoLigo_data","run_1_raw.txt",NA,14900,14.9,"0.2447",0.039,0.2837,68.57288,0.6574,67.91548,0.654973902,67.917906098,-0.023116239,0.000437258,0.022678981,0.0924152328315528,2.88797602598602,0.0924185341173796,2.88807919116811,40.3699357467139,22.0421709714998,3.69572178296976
"75","F1","191","2/2/2022",7.5,"800 uatm","B","7.5_B",1,"1","CH6","LoLigo_data","run_1_raw.txt",NA,13600,13.6,"0.1747",0.0323,0.207,68.01878,0.4508,67.56798,0.498060288,67.520719712,-0.018387871,0.000437258,0.017950613,0.0727731996103044,2.27416248782201,0.072722298541895,2.27257182943422,37.0544047397722,20.2318757613503,3.59345805041186
"76","F1","191","2/2/2022",7.5,"800 uatm","C","7.5_C",1,"1","CH7","LoLigo_data","run_1_raw.txt",NA,14000,14,"0.2016",0.0277,0.2293,68.54551,0.5277,68.01781,0.543312,68.002198,-0.010721144,0.000437258,0.010283886,0.0419692442405796,1.31153888251811,0.0419596111188857,1.31123784746518,24.2128057671311,13.220303538934,1.93816779992082
"77","F1","191","2/2/2022",7.5,"800 uatm","D","7.5_D",1,"2","CH5","LoLigo_data","run_2_raw.txt",NA,14750,14.75,"0.2052",0.0203,0.2255,68.57288,0.569,68.00388,0.63539128125,67.93748871875,-0.0048873,0.000372123,0.004515177,0.0184229732932056,0.575717915412675,0.0184049871900396,0.575155849688737,13.6840756167715,7.47156835285181,0.754164600524295
"78","F1","191","2/2/2022",7.5,"800 uatm","E","7.5_E",1,"2","CH6","LoLigo_data","run_2_raw.txt",NA,13200,13.2,"0.1471",0.0264,0.1735,68.01878,0.4472,67.57158,0.455393664,67.563386336,-0.013735061,0.000372123,0.013362938,0.0541772900461224,1.69304031394133,0.0541707205606809,1.69283501752128,32.5014926690431,17.7459647876282,2.86620655199481
"79","F1","191","2/2/2022",7.5,"800 uatm","F","7.5_F",1,"2","CH7","LoLigo_data","run_2_raw.txt",NA,13000,13,"0.165",0.0273,0.1923,68.54551,0.4172,68.12831,0.435006,68.110504,-0.010440474,0.000372123,0.010068351,0.0411563842870086,1.28613700896902,0.0411456276635342,1.28580086448544,24.0263059641399,13.1184737869751,2.25550636805886
"80","F1","191","2/2/2022",7.5,"800 uatm","G","7.5_G",1,"3","CH5","LoLigo_data","run3_raw.txt",NA,14000,14,"0.1728",0.0362,0.209,68.57288,0.4402,68.13268,0.543312,68.029568,-0.017442254,0.002413557,0.015028697,0.0614367242110776,1.91989763159617,0.0613437458707738,1.91699205846168,28.5133342404261,15.5684119052915,2.83718905958745
"81","F1","191","2/2/2022",7.5,"800 uatm","H","7.5_H",1,"3","CH6","LoLigo_data","run3_raw.txt",NA,13600,13.6,"0.173",0.0324,0.2054,68.01878,0.5418,67.47698,0.498060288,67.520719712,-0.013482265,0.002413557,0.011068708,0.0448129793005104,1.40040560314095,0.0448420278265183,1.4013133695787,22.760444871537,12.4273077964127,2.21281408667866
"82","F1","191","2/2/2022",7.5,"800 uatm","C","7.5_C",2,"3","CH7","LoLigo_data","run3_raw.txt",NA,15100,15.1,"0.2381",0.0424,0.2805,68.54551,0.6289,67.91661,0.681704298,67.863805702,-0.01689188,0.002413557,0.014478323,0.0589991169987018,1.84372240620943,0.0589532459377679,1.84228893555525,24.079479341674,13.1475066961701,2.28783527239009
"83","F1","191","2/2/2022",8,"500 uatm","A","8_A",1,"1","CH1","LoLigo_data","run_1_raw.txt",NA,14350,14.35,"0.2187",0.0335,0.2522,68.55323,0.5078,68.04543,0.58508759925,67.96814240075,-0.0209,0,0.0209,0.08532896922,2.666530288125,0.0852320505705405,2.66350158032939,62.3311213635794,31.2411703332896,3.770749112444
"84","F1","191","2/2/2022",8,"500 uatm","B","8_B",1,"1","CH2","LoLigo_data","run_1_raw.txt",NA,13800,13.8,"0.2086",0.0335,0.2421,68.85583,0.5458,68.31003,0.520358256,68.335471744,-0.008469534,0,0.008469534,0.0347132472975612,1.08478897804879,0.0347261760805108,1.08519300251596,25.3573393655983,12.7094289496061,1.68484958614537
"85","F1","191","2/2/2022",8,"500 uatm","C","8_C",1,"1","CH3","LoLigo_data","run_1_raw.txt",NA,14400,14.4,"0.2052",0.0335,0.2387,68.87473,0.576,68.29873,0.591224832,68.283505168,-0.013086346,0,0.013086346,0.0536268487284348,1.67583902276359,0.0536148944832742,1.67546545260232,39.1733504692908,19.6341937665164,2.35010895288135
"86","F1","191","2/2/2022",8,"500 uatm","D","8_D",1,"2","CH1","LoLigo_data","run_2_raw.txt",NA,14000,14,"0.2072",0.0354,0.2426,68.55323,0.5629,67.99033,0.543312,68.009918,-0.005108995,0,0.005108995,0.020841735361101,0.651304230034406,0.0208477398607446,0.651491870648269,14.4646813783618,7.24988681211514,0.97724237881566
"87","F1","191","2/2/2022",8,"500 uatm","E","8_E",1,"2","CH2","LoLigo_data","run_2_raw.txt",NA,14800,14.8,"0.2372",0.0382,0.2754,68.85583,0.5946,68.26123,0.641874816,68.213955184,-0.022112586,0,0.022112586,0.0905659391304468,2.83018559782646,0.0905032170243808,2.8282255320119,58.5679625070164,29.3550260724901,3.71631466118295
"88","F1","191","2/2/2022",8,"500 uatm","F","8_F",1,"2","CH3","LoLigo_data","run_2_raw.txt",NA,14200,14.2,"0.1944",0.0355,0.2299,68.87473,0.5324,68.34233,0.566931024,68.307798976,-0.016363172,0,0.016363172,0.0670978380402456,2.09680743875768,0.0670639358151427,2.09574799422321,46.4458202451494,23.2792503937834,3.04083041962151
"89","F1","191","2/2/2022",8,"500 uatm","G","8_G",1,"3","CH1","LoLigo_data","run3_raw.txt",NA,14000,14,"0.1514",0.0323,0.1837,68.55323,0.4402,68.11303,0.543312,68.009918,-0.012872686,0.001390719,0.011481967,0.0469242937638006,1.46638418011877,0.0468532580489224,1.46416431402882,35.4574766795268,17.7717493974206,2.20022026321128
"90","F1","191","2/2/2022",8,"500 uatm","H","8_H",1,"3","CH2","LoLigo_data","run3_raw.txt",NA,14000,14,"0.2006",0.0345,0.2351,68.85583,0.5418,68.31403,0.543312,68.312518,-0.0124,0.001390719,0.011009281,0.0451253011507458,1.41016566096081,0.0451243023887735,1.41013444964917,32.0755428168388,16.0766800717163,2.11586779494538
"91","F1","191","2/2/2022",8,"500 uatm","C","8_C",2,"3","CH3","LoLigo_data","run3_raw.txt",NA,14800,14.8,"0.2328",0.0397,0.2725,68.87473,0.6289,68.24583,0.641874816,68.232855184,-0.018091274,0.001390719,0.016700555,0.068384594246139,2.13701857019184,0.0683715930484456,2.13661228276393,42.6707922039504,21.3871571429638,2.80611753862481
"92","F1","218","3/1/2022",7.5,"800 uatm","A","7.5_A",1,"1","CH5","LoLigo_data","run1_raw.txt",NA,22200,22.2,"0.8372",0.1763,1.0135,68.57288,2.5643,66.00858,2.166327504,66.406552496,-0.058255007,0.001882342,0.056372665,0.223264774047942,6.97702418899819,0.224610860259715,7.0190893831161,28.6066563438272,15.6193662038441,3.55435517899308
"93","F1","218","3/1/2022",7.5,"800 uatm","B","7.5_B",1,"1","CH6","LoLigo_data","run1_raw.txt",NA,21900,21.9,"0.7983",0.1522,0.9505,68.01878,2.1273,65.89148,2.079684882,65.939095118,-0.020692308,0.001882342,0.018809966,0.0743649899093808,2.32390593466815,0.0744187282344208,2.32558525732565,10.737803015708,5.86288993412106,1.2216832115326
"94","F1","218","3/1/2022",7.5,"800 uatm","C","7.5_C",1,"1","CH7","LoLigo_data","run1_raw.txt",NA,23750,23.75,"1.0027",0.1721,1.1748,68.54551,2.0713,66.47421,2.65250390625,65.89300609375,-0.06048026,0.001882342,0.058597918,0.233715018401687,7.30359432505271,0.231671578071304,7.23973681472824,30.538436257032,16.6741269394896,3.18360853480383
"95","F1","218","3/1/2022",7.5,"800 uatm","D","7.5_D",1,"2","CH5","LoLigo_data","run2_raw.txt",NA,22400,22.4,"0.9424",0.1968,1.1392,68.57288,2.3687,66.20418,2.225405952,66.347474048,-0.070169029,0.003491737,0.066677292,0.264858926488834,8.27684145277605,0.265432194033655,8.29475606355172,31.0328909025421,16.944101454742,4.1300725423147
"96","F1","218","3/1/2022",7.5,"800 uatm","E","7.5_E",1,"2","CH6","LoLigo_data","run2_raw.txt",NA,23450,23.45,"1.1085",0.1995,1.308,68.01878,2.5022,65.51658,2.55325229775,65.46552770225,-0.073852367,0.003491737,0.07036063,0.276587270654724,8.64335220796013,0.276371746344766,8.63661707327393,32.0500441941106,17.4994718397147,3.87987916204867
"97","F1","218","3/1/2022",7.5,"800 uatm","F","7.5_F",1,"2","CH7","LoLigo_data","run2_raw.txt",NA,23900,23.9,"1.1042",0.2425,1.3467,68.54551,2.7162,65.82931,2.703079962,65.842430038,-0.090460188,0.003491737,0.086968451,0.343504387265929,10.7345121020603,0.343572849028844,10.7366515321514,33.9634393324815,18.5441944035706,4.61157339322857
"98","F1","218","3/1/2022",7.5,"800 uatm","G","7.5_G",1,"3","CH5","LoLigo_data","run3_raw.txt",NA,24300,24.3,"1.0958",0.2481,1.3439,68.57288,2.8583,65.71458,2.841083586,65.731796414,-0.050176408,0.001294016,0.048882392,0.192737151580522,6.0230359868913,0.192787646350401,6.02461394845002,18.7061278675067,10.2136320269938,2.49018109713075
"99","F1","218","3/1/2022",7.5,"800 uatm","H","7.5_H",1,"3","CH6","LoLigo_data","run3_raw.txt",NA,23500,23.5,"1.224",0.2242,1.4482,68.01878,2.8938,65.12498,2.56961925,65.44916075,-0.107191536,0.001294016,0.10589752,0.413794432322976,12.931076010093,0.41585422857038,12.9954446428244,43.608175318804,23.8102647020056,5.77608889868023
"100","F1","218","3/1/2022",7.5,"800 uatm","B","7.5_B",2,"3","CH7","LoLigo_data","run3_raw.txt",NA,21350,21.35,"0.7802",0.1436,0.9238,68.54551,2.0441,66.50141,1.92689845425,66.61861154575,-0.036187488,0.001294016,0.034893472,0.139227905267731,4.3508720396166,0.13947327939903,4.35853998121969,21.0770463761336,11.5081644596074,2.42567814613743
"101","F1","218","3/1/2022",8,"500 uatm","A","8_A",1,"1","CH1","LoLigo_data","run1_raw.txt",NA,20200,20.2,"0.6548",0.1263,0.7811,68.55323,1.6342,66.91903,1.631996784,66.921233216,-0.005332177,0,0.005332177,0.0214094467576986,0.669045211178081,0.0214101516339595,0.669067238561234,4.56407904346749,2.28757589615386,0.416426020646626
"102","F1","218","3/1/2022",8,"500 uatm","B","8_B",1,"1","CH2","LoLigo_data","run1_raw.txt",NA,20350,20.35,"0.6208",0.0803,0.7011,68.85583,1.5685,67.28733,1.66862378925,67.18720621075,-0.017636062,0,0.017636062,0.0712010114216676,2.22503160692711,0.0710950640603743,2.2217207518867,23.1078829261586,11.5819720670011,1.36052733262939
"103","F1","218","3/1/2022",8,"500 uatm","C","8_C",1,"1","CH3","LoLigo_data","run1_raw.txt",NA,21900,21.9,"0.8443",0.1547,0.999,68.87473,1.9218,66.95293,2.079684882,66.795045118,-0.055667084,0,0.055667084,0.223624462701367,6.98826445941772,0.22309712324205,6.97178510131406,39.493199645466,19.7945063419242,3.58285419809286
"104","F1","218","3/1/2022",8,"500 uatm","D","8_D",1,"2","CH1","LoLigo_data","run2_raw.txt",NA,23900,23.9,"0.9793",0.196,1.1753,68.55323,2.6922,65.86103,2.703079962,65.850150038,-0.047810804,0.00127196,0.046538844,0.183905772050959,5.74705537659247,0.183875391599705,5.74610598749077,26.0754461330101,13.0693534198774,2.38899971870579
"105","F1","218","3/1/2022",8,"500 uatm","E","8_E",1,"2","CH2","LoLigo_data","run2_raw.txt",NA,23000,23,"0.7669",0.1099,0.8768,68.85583,2.3138,66.54203,2.409066,66.446764,-0.004683598,0.00127196,0.003411638,0.0136210390887084,0.425657471522138,0.0136015383023659,0.425048071948935,3.30380497145731,1.65591010723539,0.194016708953701
"106","F1","218","3/1/2022",8,"500 uatm","F","8_F",1,"2","CH3","LoLigo_data","run2_raw.txt",NA,23700,23.7,"1.0776",0.1926,1.2702,68.87473,2.5191,66.35563,2.635786494,66.238943506,-0.063311868,0.00127196,0.062039908,0.247001830828922,7.71880721340382,0.246567477667766,7.70523367711769,35.5950136326525,17.8406847107235,3.27400880185245
"107","F1","218","3/1/2022",8,"500 uatm","G","8_G",1,"3","CH1","LoLigo_data","run3_raw.txt",NA,21200,21.2,"0.7711",0.142,0.9131,68.55323,1.84,66.71323,1.886569344,66.666660656,-0.034567627,0.019018935,0.015548692,0.0622382079357096,1.94494399799092,0.0621947623925197,1.94358632476624,11.901001702918,5.96493714863401,1.07801974069459
"108","F1","218","3/1/2022",8,"500 uatm","H","8_H",1,"3","CH2","LoLigo_data","run3_raw.txt",NA,22050,22.05,"0.8819",0.1405,1.0224,68.85583,2.0275,66.82833,2.12271149475,66.73311850525,-0.062420651,0.019018935,0.043401716,0.174027851964857,5.43837037390177,0.173779911429552,5.43062223217351,33.6066445432598,16.8440882104805,2.74292438393871
"109","F1","218","3/1/2022",8,"500 uatm","E","8_E",2,"3","CH3","LoLigo_data","run3_raw.txt",NA,21000,21,"0.6338",0.1175,0.7513,68.87473,1.6042,67.27053,1.833678,67.041052,-0.075666561,0.019018935,0.056647626,0.228642949455707,7.14509217049084,0.227862986420553,7.12071832564228,52.1209946868545,26.1237217834484,4.05141943539553
"110","F1","423","9/22/2022",7.5,"800 uatm","C","7.5_C",2,"1","CH6","LoLigo_data","run_1_raw.txt",NA,44800,44.8,"7.26",0.938,8.196,200.4,17.7,182.7,17.803247616,182.596752384,-0.038028065,0.002046336,0.035981729,0.394431713298,12.3259910405625,0.394208811633671,12.3190253635522,12.9843717206843,7.08952680084774,1.24032529706182
"111","F1","423","9/22/2022",7.5,"800 uatm","D","7.5_D",1,"1","CH7","LoLigo_data","run_1_raw.txt",NA,45700,45.7,"8.32",1.416,9.737,201.3,25.2,176.1,18.897910614,182.402089386,-0.059276754,0.002046336,0.057230418,0.604696596588,18.896768643375,0.626336869178049,19.573027161814,14.2420701631389,7.77623594680993,1.81613065830649
"112","F1","423","9/22/2022",7.5,"800 uatm","C","7.5_C",1,"1","CH5","LoLigo_data","run_1_raw.txt",NA,45350,45.35,"7.37",1.158,8.53,199.2,19.6,179.6,18.46703041425,180.73296958575,-0.063403208,0.002046336,0.061356872,0.661181652672,20.661926646,0.665352580863165,20.7922681519739,18.3390044796295,10.0131809652434,2.02135800315502
"113","F1","423","9/22/2022",7.5,"800 uatm","A","7.5_A",1,"1","CH1","LoLigo_data","run_1_raw.txt",NA,43350,43.35,"6.754",0.894,7.648,196.6,17.3,179.3,16.12993048425,180.47006951575,-0.070964807,0.002046336,0.068918471,0.741424911018,23.1695284693125,0.746263275137352,23.3207273480423,25.379308953452,13.8572196547536,2.51558117616477
"114","F1","423","9/22/2022",7.5,"800 uatm","A","7.5_A",2,"1","CH2","LoLigo_data","run_1_raw.txt",NA,36900,36.9,"4.9",0.48,5.382,200.6,11.6,189,9.948194982,190.651805018,-0.034978396,0.002046336,0.03293206,0.3734495604,11.6702987625,0.376713400917665,11.772293778677,21.194972052421,11.5725524223469,1.8383027397953
"115","F1","423","9/22/2022",7.5,"800 uatm","B","7.5_B",1,"1","CH3","LoLigo_data","run_1_raw.txt",NA,42400,42.4,"5.61",0.936,6.55,201.4,16.2,185.2,15.092554752,186.307445248,-0.072259212,0.002046336,0.070212876,0.780205478112,24.381421191,0.784870893064477,24.5272154082649,25.7283391515091,14.0477917514758,2.78618438773192
"116","F1","423","9/22/2022",7.5,"800 uatm","B","7.5_B",2,"1","CH4","LoLigo_data","run_1_raw.txt",NA,39500,39.5,"3.93",0.457,4.386,200,11.8,188.2,12.20271525,187.79728475,-0.031845485,0.002046336,0.029799149,0.336491990508,10.515374703375,0.335771956203641,10.4928736313638,19.8752629106881,10.8519851487888,1.4153095203783
"117","F1","423","9/22/2022",8,"500 uatm","A","8_A",1,"2","CH1","LoLigo_data","run_2_raw.txt",NA,43800,43.8,"6.557",1.369,7.926,196.6,18.3,178.3,16.637479056,179.962520944,-0.094427808,0.001618604,0.092809204,0.992872864392,31.02727701225,1.00213069911876,31.3165843474612,23.182553100814,11.6193977316482,3.0139183100294
"118","F1","423","9/22/2022",8,"500 uatm","A","8_A",2,"2","CH2","LoLigo_data","run_2_raw.txt",NA,45100,45.1,"6.82",0.977,7.798,200.6,16.9,183.7,18.163302498,182.436697502,-0.047653486,0.001618604,0.046034882,0.507396469404,15.856139668875,0.503907110518456,15.7470972037017,16.2022491971368,8.1207784470555,1.43581815749938
"119","F1","423","9/22/2022",8,"500 uatm","A","8_A",3,"2","CH3","LoLigo_data","run_2_raw.txt",NA,46700,46.7,"6.69",1.052,7.737,201.4,18.7,182.7,20.165817474,181.234182526,-0.059392062,0.001618604,0.057773458,0.633312646596,19.791020206125,0.628231525939812,19.6322351856191,18.8815470732428,9.46367745945733,1.64828895269969
"120","F1","423","9/22/2022",8,"500 uatm","B","8_B",1,"2","CH4","LoLigo_data","run_2_raw.txt",NA,44300,44.3,"7.12",1.143,8.263,200,18.6,181.4,17.213784786,182.786215214,-0.04822646,0.001618604,0.046607856,0.507279904704,15.852497022,0.511156415848747,15.9736379952734,14.003312427995,7.01864268158166,1.49849195737393
"121","F1","423","9/22/2022",8,"500 uatm","B","8_B",2,"2","CH5","LoLigo_data","run_2_raw.txt",NA,42900,42.9,"5.51",0.694,6.207,199.2,15.7,183.5,15.632810622,183.567189378,-0.037538419,0.001618604,0.035919815,0.39547716315,12.3586613484375,0.395621968951664,12.3631865297395,17.3456206177164,8.69385110358908,1.26182640048246
"122","F1","423","9/22/2022",8,"500 uatm","C","8_C",1,"2","CH6","LoLigo_data","run_2_raw.txt",NA,45900,45.9,"8.33",0.953,9.279,200.4,20.7,179.7,19.147110642,181.252889358,-0.049348936,0.001618604,0.047730332,0.514628439624,16.08213873825,0.519075635100996,16.2211135969061,16.8168864819347,8.42884266421527,1.39610807209768
"123","F1","423","9/22/2022",8,"500 uatm","D","8_D",1,"2","CH7","LoLigo_data","run_2_raw.txt",NA,41900,41.9,"7.89",0.741,8.628,201.3,17.9,183.4,14.564891682,186.735108318,-0.038234747,0.001618604,0.036616143,0.402924037572,12.591376174125,0.410251165757543,12.8203489299232,16.6296037853027,8.33497413597513,1.36045826317225
"124","F1","457","10/26/2022",7.5,"800 uatm","A","7.5_A",1,"2","CH1","LoLigo_data","run_2_raw.txt",NA,46490,46.49,"<add here>",1.2339,NA,254.7,19.1,235.6,19.894994746902,234.805005253098,-0.016714697,0.005684323,0.011030374,0.155925366864,4.8726677145,0.155399221500818,4.85622567190057,4.10729773139759,2.24260349073477,0.450124042550088
"125","F1","457","10/26/2022",7.5,"800 uatm","B","7.5_B",1,"2","CH2","LoLigo_data","run_2_raw.txt",NA,45520,45.52,"<add here>",1.0538,NA,257.88,21.1,236.78,18.675487632384,239.204512367616,-0.022778658,0.005684323,0.017094335,0.242855798478,7.5892437024375,0.24534252407542,7.66695387735688,7.27270692919836,3.97093150122367,0.736066851131766
"126","F1","457","10/26/2022",7.5,"800 uatm","C","7.5_C",1,"2","CH3","LoLigo_data","run_2_raw.txt",NA,51740,51.74,"<add here>",1.8877,NA,246.63,26.9,219.73,27.424862788752,219.205137211248,-0.1063,0.005684323,0.100615677,1.3264969624326,41.4530300760187,1.32332839694326,41.3540124044768,24.7299234572674,13.5026521809999,2.99077131943738
"127","F1","457","10/26/2022",7.5,"800 uatm","D","7.5_D",1,"2","CH4","LoLigo_data","run_2_raw.txt",NA,50040,50.04,"<add here>",1.7971,NA,252.35,24.7,227.65,24.809447532672,227.540552467328,-0.09,0.005684323,0.084315677,1.151667832143,35.9896197544688,1.15111414357421,35.972316986694,22.3465263359588,12.2013063683517,2.80491857754469
"128","F1","457","10/26/2022",7.5,"800 uatm","E","7.5_E",1,"2","CH5","LoLigo_data","run_2_raw.txt",NA,49860,49.86,"<add here>",2.83,NA,242.31,23.9,218.41,24.542681576688,217.767318423312,-0.032862383,0.005684323,0.02717806,0.356157605076,11.129925158625,0.355109594768873,11.0971748365273,4.77738093311474,2.60847200709925,0.874682538605489
"129","F1","457","10/26/2022",7.5,"800 uatm","F","7.5_F",1,"2","CH6","LoLigo_data","run_2_raw.txt",NA,42580,42.58,"<add here>",1.4466,NA,247.07,17.6,229.47,15.285588419376,231.784411580624,-0.012010948,0.005684323,0.006326625,0.087106238325,2.72206994765625,0.0879847831749759,2.749524474218,2.01621101128351,1.10086050431599,0.308035080624778
"130","F1","457","10/26/2022",7.5,"800 uatm","G","7.5_G",1,"2","CH7","LoLigo_data","run_2_raw.txt",NA,57870,57.87,"<add here>",0.8803,NA,241.11,37.7,203.41,38.372989723794,202.737010276206,-0.1012,0.005684323,0.095515677,1.1657306315142,36.4290822348188,1.16187376736927,36.3085552302896,40.407638436905,22.0627568141054,2.02930185291783
"131","F1","457","10/26/2022",8,"500 uatm","A","8_A",1,"1","CH1","LoLigo_data","run_1_raw.txt",NA,55980,55.98,"<add here>",2.0565,NA,254.7,33,221.7,34.734725624016,219.965274375984,-0.018958557,0.000958174,0.018000383,0.239441094666,7.4825342083125,0.237567551128068,7.42398597275212,3.83235087528071,1.92082420229863,0.403362429473961
"132","F1","457","10/26/2022",8,"500 uatm","C","8_C",1,"1","CH3","LoLigo_data","run_1_raw.txt",NA,47160,47.16,"<add here>",1.1035,NA,246.63,21.4,225.23,20.767612871808,225.862387128192,-0.035067975,0.000958174,0.034109801,0.4609530287538,14.4047821485563,0.462247264699655,14.4452270218642,13.1466156246127,6.58925507916172,1.17180477180897
"133","F1","457","10/26/2022",8,"500 uatm","D","8_D",1,"1","CH4","LoLigo_data","run_1_raw.txt",NA,53930,53.93,"<add here>",2.131,NA,252.35,31.8,220.55,31.056781824486,221.293218175514,-0.014242548,0.000958174,0.013284374,0.175792121142,5.4935037856875,0.176384512434428,5.51201601357586,2.72222480390616,1.36441454804359,0.323878484515853
"134","F1","457","10/26/2022",8,"500 uatm","E","8_E",1,"1","CH5","LoLigo_data","run_1_raw.txt",NA,43660,43.66,"<add here>",0.7993,NA,242.31,18.5,223.81,16.478450979408,225.831549020592,-0.024214225,0.000958174,0.023256051,0.3122962064586,9.75925645183125,0.315117001285913,9.84740629018479,12.0143982581809,6.02177297992788,0.955303687610796
"135","F1","457","10/26/2022",8,"500 uatm","F","8_F",1,"1","CH6","LoLigo_data","run_1_raw.txt",NA,48110,48.11,"<add here>",1.0177,NA,247.07,18.6,228.47,22.048104618738,225.021895381262,-0.022268587,0.000958174,0.021310413,0.2921274034866,9.12898135895625,0.287718571477049,8.99120535865779,8.98154746809738,4.50166863950101,0.707918305784778
"136","F1","457","10/26/2022",8,"500 uatm","G","8_G",1,"1","CH7","LoLigo_data","run_1_raw.txt",NA,46790,46.79,"<add here>",1.3842,NA,241.11,20.1,221.01,20.282632690122,220.827367309878,-0.053033807,0.000958174,0.052075633,0.6905541389598,21.5798168424937,0.689983496183124,21.5619842557226,15.9593509928451,7.99903470158902,1.78898263429128
